"Share","Teilen"
"Copy link","Link kopieren"
"Link copied","Link kopiert"
"Web Share","Teilen (Web Share)"
"Web Share Button","Teilen-Button (Web Share)"
"Share this page through the device's native share sheet, with share links as fallback.","Teilt diese Seite über das native Teilen-Menü des Geräts, mit Teilen-Links als Ausweichlösung."
"Show on Product Pages","Auf Produktseiten anzeigen"
"Show on Category Pages","Auf Kategorieseiten anzeigen"
"Fallback Share Links","Teilen-Links als Ausweichlösung"
"Label","Bezeichnung"
"URL Template","URL-Vorlage"
"Add Share Link","Teilen-Link hinzufügen"
